{"mass":0.10,"centerOfMass":[0.0,0,0.02],"transformation":[0.7071,-0.7071,0,0,0.7071,0.7071,0,0,0,0,1,0,0,0,0.06,1],"inertia":[0.001,0,0,0,0.001,0,0,0,0.001],"collisionModel":{"pointA":[0.03535533905932738,0.03535533905932738,0.04,0.03535533905932738,0.03535533905932738,0.1,0,0,0],"pointB":[-0.03535533905932738,-0.03535533905932738,0.04,-0.03535533905932738,-0.03535533905932738,0.1,0,0,0],"radius":[0.04,0.02,0]}}
